Distillery;Location;Region;Founded;Owner;Number wash stills;Capacity [l];Number mid stills;Capacity [l];Number spirit stills;Capacity [l];Number column stills;Capacity;Production [l];Water source;Cask type(s);Status;Type;Product Info, More info;Country
Aberargie;Aberargie;Lowland;2017;Perth Distilling Co;?;?;?;?;?;?;X;X;?;?;?;Operational;Malt whisky;;Scotland
Aberfeldy;Aberfeldy;Highland;1896;John Dewar & Sons;2;?;X;X;2;?;X;X;3 500 000;Pitilie Burn;American White Oak, Ex-Bourbon Casks (Main);Operational;Malt whisky;;Scotland
Aberlour;Aberlour;Speyside;1879;Chivas Brothers;2;21310;X;X;2;"20000; 15456";X;X;3 900 000;Birkenbush, Target spring;?;Operational;Malt whisky;;Scotland
Abhainn Dearg;Uig, Isle of Lewis;Island;2008;Mark Tayburn;?;?;?;?;?;?;X;X;?;?;?;Operational;Malt whisky;;Scotland
Ailsa Bay;Girvan;Lowland;2009;William Grant & Sons;8;?;X;X;8;?;X;X;12 000 000;Penwapple reservoir;?;Operational;Malt whisky;;Scotland
Allt-A-Bhainne;Glenrinnes;Speyside;1975;Chivas Brothers;2;?;X;X;2;?;X;X;4 000 000;Springs on Benrinnes;?;Operational;Malt whisky;;Scotland
Annandale;Annan;Lowland;1836;Annandale Distillery Company;1;?;X;X;2;?;X;X;260 000;Bore Hole on site;?;Operational;Malt whisky;;Scotland
Arbikie;Inverkeilor;Highland;2013;Arbikie Highland Estate;1;?;X;X;1;?;X;X;200 000;?;?;Operational;Malt whisky;;Scotland
Ardbeg;Port Ellen;Islay;1815;LVMH;1;18000;X;X;1;17000;X;X;1 250 000;Loch Uigeadail;Bourbon, Sherry;Operational;Malt whisky;;Scotland
Ardmore;Kennethmont;Highland;1898;Suntory Global Spirits;4;15000;X;X;4;15000;X;X;5 530 000;Springs on Knockandy Hill;American white oak ex-bourbon ;Operational;Malt whisky;;Scotland
Ardnahoe;Port Askaig;Islay;2019;Hunter Laing & Company;1;?;X;X;1;?;X;X;900 000;Ardnahoe Loch;?;Operational;Malt whisky;;Scotland
Ardnamurchan;Ardnamurchan;Highland;2014;Adelphi Distillery Co;1;?;X;X;1;?;X;X;500 000;Glenmore River and springs above the distillery;?;Operational;Malt whisky;;Scotland
Ardross;Alness;Highland;2019;Greenwood Distillers;1;?;X;X;1;?;X;X;1 000 000;Loch Dubh;?;Operational;Malt whisky;;Scotland
Arran;Lochranza;Island;1995;Isle of Arran Distillers Ltd.;2;?;X;X;2;?;X;X;750 000;Loch na Davie;American White Oak, Ex-Bourbon Casks (Main) Ex Sherry Casks;Operational;Malt whisky;;Scotland
Auchentoshan;Dalmuir;Lowland;1823;Suntory Global Spirits;1;?;1;?;1;?;X;X;1 800 000;Loch Katrine (Production) & Loch Cochno (Cooling)[2];?;Operational;Malt whisky;;Scotland
Auchroisk;Mulben;Speyside;1972;Diageo;4;?;X;X;4;?;X;X;3 100 000;Dorie's Well;?;Operational;Malt whisky;;Scotland
Aultmore;Banffshire;Speyside;1895;John Dewar & Sons;2;?;X;X;2;?;X;X;2 100 000;Auchinderran burn;?;Operational;Malt whisky;;Scotland
Balblair;Edderton;Highland;1790;Inver House Distillers;1;20 000;X;X;1;8500;X;X;1 800 000;The Allt Dearg;?;Operational;Malt whisky;;Scotland
Ballindalloch;Ballindalloch;Speyside;2014;Ballindalloch Distillery LLP;1;?;X;X;1;?;X;X;100 000;Garline Springs;?;Operational;Malt whisky;;Scotland
Balmenach;Cromdale;Speyside;1824;Inver House Distillers;3;?;X;X;3;?;X;X;2 000 000;Spring on the Cromdale Hills;?;Operational;Malt whisky;;Scotland
Balvenie;Dufftown;Speyside;1892;William Grant & Sons;5;?;X;X;6;?;X;X;5 600 000;Robbie Dubh;Bourbon, Sherry, Port, Rum, Madeira;Operational;Malt whisky;;Scotland
Ben Nevis;Fort William;Highland;1825;Nikka Whisky Distilling Co Ltd;2;25000;X;X;2;20000;X;X;2 000 000;Allt a'Mhuilinn;?;Operational;Malt whisky;;Scotland
Benbecula;Outer Hebrides;Island;2024;Angus A. MacMillan;?;?;?;?;?;?;X;X;?;?;?;Operational;Malt whisky;;Scotland
BenRiach;Longmorn, Moray;Speyside;1898;Brown-Forman;2;?;X;X;2;?;X;X;1 300 000;Burnside Springs;Ex-Bourbon, Ex-Jamaican Rum, Toasted Virgin Oak;Operational;Malt whisky;;Scotland
Benrinnes;Banffshire;Speyside;1826;Diageo;2;?;X;X;4;?;X;X;2 500 000;Scurran Burn and Rowantree Burn;?;Operational;Malt whisky;;Scotland
Benromach;Forres;Speyside;1898;Gordon & MacPhail;1;?;X;X;1;?;X;X;400 000;Chapelton Springs in the Romach Hills;?;Operational;Malt whisky;;Scotland
Blackness;Linlithgow;Lowland;2024;Colm O'Rourke;?;?;?;?;?;?;X;X;?;?;?;Operational;Malt whisky;;Scotland
Bladnoch;Wigtown;Lowland;1817;David Prior;2;?;X;X;2;?;X;X;1 500 000;River Bladnoch;?;Operational;Malt whisky;;Scotland
Blair Athol;Pitlochry;Highland;1798;Diageo;2;13000;X;X;2;12000;X;X;2 500 000;Allt Dour Burn;?;Operational;Malt whisky;;Scotland
Bonnington;Edinburgh;Lowland;2020;Halewood Artisanal Spirits;?;?;?;?;?;?;X;X;?;?;?;Operational;Malt whisky;;Scotland
Borders;Hawick;Lowland;2018;The Three Stills Company;2;?;X;X;2;?;X;X;2 000 000;River Teviot;?;Operational;Malt whisky;;Scotland
Bowmore;Bowmore;Islay;1779;Suntory Global Spirits;2;?;X;X;2;?;X;X;1 700 000;River Laggan, Islay;"American Oak (86%)
Sherry (14%)";Operational;Malt whisky;"Legend; 12-year-old; 15-year-old; 18-year-old; 25-year-old";Scotland
Braeval;Ballindalloch;Speyside;1973;Chivas Brothers;2;?;X;X;4;?;X;X;4 200 000;Preenie & Kate's Well (distilling), Pitilie Burn (cooling water);?;Operational;Malt whisky;;Scotland
Brora;Brora;Highland;1819;Diageo;1;13 500;X;X;1;13 500;X;X;?;Clynemilton Burn;?;Operational;Malt whisky;;Scotland
Bruichladdich;Rhinns of Islay;Islay;1881;Rémy Cointreau;2;12000;1;adjustable;2;11000;X;X;1 500 000;Bruichladdich loch (mash), burn (cooling), and Octomore spring (bottling);?;Operational;Malt whisky;;Scotland
Bunnahabhain;Port Askaig;Islay;1881;Distell;2;30 000;X;X;2;15 000;X;X;3 500 000;Margadale River;?;Operational;Malt whisky;;Scotland
Burn O'Bennie;Banchory;Highland;2021;Deeside Brewery & Distillery Ltd.;?;?;?;?;?;?;X;X;?;?;?;Operational;Malt whisky;;Scotland
Cabrach;Cabrach;Speyside;2024;The Cabrach Trust;?;?;?;?;?;?;X;X;?;?;?;Operational;Malt whisky;;Scotland
Cairn;Grantown-on-Spey;Speyside;2022;Gordon & MacPhail;?;?;?;?;?;?;X;X;?;?;?;Operational;Malt whisky;;Scotland
Caol Ila;Port Askaig;Islay;1846;Diageo;3;19 000;X;X;3;12 000;X;X;6 500 000;Loch nam Ban;American oak;Operational;Malt whisky;;Scotland
Cardhu;Knockando;Speyside;1824;Diageo;3;12 000;X;X;3;10 500;X;X;3 500 000;Sources in the Mannoch Hills and Lyne Burn;?;Operational;Malt whisky;;Scotland
Clydeside;Glasgow;Lowland;2017;Morrison Glasgow Distillers;1;?;X;X;1;?;X;X;500 000;Loch Katrine;?;Operational;Malt whisky;;Scotland
Clynelish;Brora;Highland;1967;Diageo;3;?;X;X;3;?;X;X;4 800 000;Clynemilton burn;?;Operational;Malt whisky;;Scotland
Crafty;Galloway;Lowland;2017;Graham Taylor;?;?;?;?;?;?;X;X;?;?;?;Operational;Malt whisky;;Scotland
Cragganmore;Ballindalloch;Speyside;1869;Diageo;2;?;X;X;2;?;X;X;1 520 000;The Craggan Burn;?;Operational;Malt whisky;;Scotland
Craigellachie;Craigellachie;Speyside;1891;John Dewar & Sons;2;?;X;X;2;?;X;X;4 000 000;Local;?;Operational;Malt whisky;;Scotland
Daftmill;Fife;Lowland;2005;Francis and Ian Cuthbert;1;2 500;X;X;1;1 500;X;X;?;Cupar / Daftmill spring;?;Operational;Malt whisky;;Scotland
Dailuaine;Aberlour;Speyside;1852;Diageo;3;18 700;X;X;3;20 500;X;X;3 370 000;The Bailliemullich Burn;?;Operational;Malt whisky;;Scotland
Dalmore;Alness;Highland;1839;Whyte & Mackay;4;16 500, 8 250, 3 630, 4 360;X;X;4;11 000, 7 300, 2 400, 2 900;X;X;4 200 000;Alness river;?;Operational;Malt whisky;12Y , 15Y, 18Y, 25Y, NAS;Scotland
Dalmunach;Carron;Speyside;2015;Chivas Brothers;4;?;X;X;4;?;X;X;10 000 000;Balintomb water supply;?;Operational;Malt whisky;;Scotland
Dalwhinnie;Dalwhinnie;Highland;1898;Diageo;1;17 000;X;X;1;14 000;X;X;1 300 000;Allt an t-Sluic;?;Operational;Malt whisky;;Scotland
Deanston;Doune;Highland;1965;Distell;2;20 000;X;X;2;17 000;X;X;3 000 000;River Teith;?;Operational;Malt whisky;;Scotland
Dornoch;Dornoch;Highland;2016;Dornoch Distillery Company;?;?;?;?;?;?;X;X;?;?;?;Operational;Malt whisky;;Scotland
Dufftown;Banffshire;Speyside;1895;Diageo;3;?;X;X;3;?;X;X;4 000 000;Jock's Well, Conval Hills Sprin;?;Operational;Malt whisky;;Scotland
Dunphail;Edinkillie, Moray;Speyside;2023;Bimber;?;?;?;?;?;?;X;X;?;?;?;Operational;Malt whisky;;Scotland
Eden Mill;Fife;Lowland;2012;Paul Miller;?;?;?;?;?;?;X;X;60 000;?;?;Operational;Malt whisky;;Scotland
Edradour;Pitlochry;Highland;1825;Signatory Vintage Scotch Whisky Co;1;4 200;X;X;1;2 200;X;X;95 000;Ben Vrackie Springs;?;Operational;Malt whisky;;Scotland
Falkirk;Falkirk;Lowland;2020;Fiona Stewart;?;?;?;?;?;?;X;X;200 000;?;?;Operational;Malt whisky;;Scotland
Fettercairn;Fettercairn;Highland;1824;Whyte & Mackay;2;12 800;X;X;2;12 800;X;X;2 200 000;Sources on the Grampian mountains;?;Operational;Malt whisky;;Scotland
Glasgow;Glasgow;Lowland;2015;The Glasgow Distillery Company;2;?;X;X;2;?;X;X;440 000;Loch Katrine;?;Operational;Malt whisky;;Scotland
Glenallachie;Banffshire;Speyside;1967;The GlenAllachie Distillers Co Limited;2;?;X;X;2;?;X;X;4 000 000;Sources on Ben Rinnes;?;Operational;Malt whisky;;Scotland
Glenburgie;Moray;Speyside;1810;Chivas Brothers;3;11 750;X;X;3;15 000;X;X;4 200 000;?;?;Operational;Malt whisky;;Scotland
Glencadam;Angus;Highland;1825;Angus Dundee Distiller;1;14 000;X;X;1;14 000;X;X;1 500 000;River South Esk;?;Operational;Malt whisky;;Scotland
Glendronach;Aberdeenshire;Highland;1826;Brown-Forman;2;13 635;X;X;2;6 800;X;X;1 300 000;Dronac Burn;?;Operational;Malt whisky;;Scotland
Glendullan;Banffshire;Speyside;1897;Diageo;3;?;X;X;3;?;X;X;3 700 00;Goats Well Spring;?;Operational;Malt whisky;;Scotland
Glen Elgin;Fogwatt, Moray;Speyside;1898;Diageo;3;7 000;X;X;3;8 000;X;X;1 830 000;Millbuies Loch Springs;?;Operational;Malt whisky;;Scotland
Glenfarclas;Ballindalloch;Speyside;1836;J. & G. Grant;3;29600;X;X;3;25000;X;X;4 000 000;Ben Rinnes;?;Operational;Malt whisky;;Scotland
Glenfiddich;Dufftown;Speyside;1886;William Grant & Sons;16;?;X;X;27;?;X;X;21 000 000;The Robbie Dhu Spring;?;Operational;Malt whisky;;Scotland
Glen Garioch;Oldmeldrum;Highland;1797;Suntory Global Spirits;2;20000+10000;X;X;2;11000;X;X;1 000 000;The Silent Spring of Coutens Farm;?;Operational;Malt whisky;;Scotland
Glenglassaugh;Portsoy;Highland;1875;Brown-Forman;1;?;X;X;1;?;X;X;1 000 000;Glassaugh Spring;?;Operational;Malt whisky;;Scotland
Glengoyne;Dumgoyne;Highland;1833;Ian Macleod Distillers;1;?;X;X;2;?;X;X;1 100 000;Stream water from Dumgoyne Hill;"80% refill
20% first fill sherry wood";Operational;Malt whisky;Glengoyne Single Malt;Scotland
Glen Grant;Rothes;Speyside;1840;Campari;4;15 000;X;X;4;9 600;X;X;5 900 000;The Glen Grant burn;?;Operational;Malt whisky;;Scotland
Glengyle;Campbeltown;Campbeltown;1872;Mitchell's Glengyle Ltd;1;?;X;X;1;?;X;X;750 000;Crosshill Loch;?;Operational;Malt whisky;;Scotland
Glen Keith;Keith;Speyside;1957;Chivas Brothers;3;?;X;X;3;?;X;X;3 500 000;Balloch Hill.;?;Operational;Malt whisky;;Scotland
Glenkinchie;Pencaitland;Lowland;1837;Diageo;1;30 963;X;X;1;20 998;X;X;2 700 000;Lammermuir Hills Burns;?;Operational;Malt whisky;;Scotland
Glenlivet;Ballindalloch;Speyside;1824;Chivas Brothers;7;15 000;X;X;7;10 000;X;X;10 500 000;    Josie's WellBlairfindy Well;    BourbonFrench oak;Operational;Malt whisky;The Glenlivet;Scotland
Glenlossie;Elgin;Speyside;1876;Diageo;3;15 600;X;X;3;13 500;X;X;1 100 000;The Bardon Burn;?;Operational;Malt whisky;;Scotland
Glenmorangie;Tain;Highland;1843;LVMH;6;?;X;X;6;?;X;X;6 500 000;Tarlogie Springs in the Tarlogie Hills;?;Operational;Malt whisky;;Scotland
Glen Moray;Elgin;Speyside;1897;La Martiniquaise;3;?;X;X;6;?;X;X;3 300 000;River Lossie;?;Operational;Malt whisky;;Scotland
Glen Ord;Muir of Ord;Highland;1838;Diageo;7;17 000;X;X;7;16 000;X;X;12 000 000;"Loch nam Bonnach
Loch nan Eun form the White Burn";?;Operational;Malt whisky;;Scotland
Glenrothes;Rothes;Speyside;1879;Edrington;5;?;X;X;5;?;X;X;5 200 000;Spring on site;Whisky Maker's Cut, Bourbon Cask Reserve, Other Vintages and Reserves;Operational;Malt whisky;The Glenrothes;Scotland
Glen Scotia;Campbeltown;Campbeltown;1832;Loch Lomond Group;1;16 000;X;X;1;12 000;X;X;600 000;Crosshill Loch;?;Operational;Malt whisky;;Scotland
Glen Spey;Rothes;Speyside;1878;Diageo;2;12 000;X;X;2;7 500;X;X;1 400 000;Donnie Burn;?;Operational;Malt whisky;;Scotland
Glentauchers;Mulben;Speyside;1897;Chivas Brothers;3;?;X;X;3;?;X;X;4 500 000;Rosarie Burn;?;Operational;Malt whisky;;Scotland
Glenturret;Crieff;Highland;1763;Lalique Group;1;?;X;X;1;?;X;X;340 000;Loch Turret in Glenturret;Oak;Operational;Malt whisky;The Glenturret;Scotland
GlenWyvis;Dingwall;Highland;2015;GlenWyvis Distillery Ltd.;2;?;X;X;2;?;X;X;?;?;"European Sherry Hogshead, American Oak Refill Hogshead, American Standard Barrel, European Sherry Quarter
European Sherry Firki";Operational;Malt whisky;;Scotland
Harris;Tarbert;Island;2015;Isle of Harris Distillers Ltd.;1;?;X;X;1;?;X;X;230 000;Abhainn Cnoc a’Charrainn;?;Operational;Malt whisky;;Scotland
Highland Park;Kirkwall;Island;1798;Edrington;2;?;X;X;2;?;X;X;2 500 000;?;?;Operational;Malt whisky;;Scotland
Holyrood;Edinburgh;Lowland;2019;David Robertson;1;?;X;X;1;?;X;X;53 000;?;?;Operational;Malt whisky;;Scotland
Inchdairnie;Glenrothes;Lowland;2015;John Fergus & Co.;1;?;X;x;1;?;X;X;2 000 000;?;Flowers of May and Goathill springs;Operational;Malt whisky;;Scotland
Inchgower;Buckie;Speyside;1871;Diageo;2;?;X;X;2;?;X;X;1 990 000;Menduff Hills springs;?;Operational;Malt whisky;;Scotland
Jackton;Jackton;Lowland;2020;RAER Spirits;;;;;;;X;X;;;?;Operational;Malt whisky;;Scotland
Jura;Craighouse, Jura;Island;1810;Whyte & Mackay;2;24 500;X;X;2;15 500;X;X;2 500 000;Loch a’Bhaile Mhargaidh;?;Operational;Malt whisky;;Scotland
Kilchoman;Kilchoman;Islay;2005;Kilchoman Distillery Company;2;?;X;X;2;?;X;X;500 000;Small dam close to distillery;?;Operational;Malt whisky;3 Years 5 Years 8 Years 10 Years 11 Years;Scotland
Kingsbarns;Kingsbarns;Lowland;2014;The Kingsbarns Company of Distillers;1;?;X;X;1;?;X;X;200 000;Borehole;?;Operational;Malt whisky;;Scotland
Kininvie;Dufftown;Speyside;1990;William Grant & Sons;3;?;X;X;6;?;X;X;?;Conval Hills;?;Operational;Malt whisky;;Scotland
Knockando;Knockando;Speyside;1898;Diageo;2;?;X;X;2;?;X;X;1 800 000;The Cardnach Spring;?;Operational;Malt whisky;;Scotland
Knockdhu;Knock;Speyside;1894;Inver House Distillers;1;?;X;X;1;?;X;X;1 700 000;Spring water from Knock Hill;American White Oak, Ex-Bourbon Casks (Main);Operational;Malt whisky;;Scotland
Lagg;Lagg;Island;2019;Isle of Arran Distillers Ltd.;?;?;?;?;?;?;X;X;?;?;?;Operational;Malt whisky;;Scotland
Lagavulin;Port Ellen;Islay;1816;Diageo;2;11 000;X;X;2;12 500;X;X;1 400 000;Solum Lochs;?;Operational;Malt whisky;;Scotland
Laphroaig;Port Ellen;Islay;1815;Suntory Global Spirits;3;?;X;X;4;?;X;X;3 300 000;The Kilbride Dam;?;Operational;Malt whisky;;Scotland
Leven;Leven;Lowland;2013;Diageo;1;1 000;X;X;1;1 000;X;X;250 000; Town supply;?;Operational;Malt whisky;;Scotland
Lindores Abbey;Newburgh;Lowland;2017;Lindores Distilling Co.;1;?;X;X;2;?;X;X;260 000;Borehole;?;Operational;Malt whisky;;Scotland
Linkwood;Elgin;Speyside;1821;Diageo;3;?;X;X;3;?;X;X;2 500 000;springs near Milbuies Loch;?;Operational;Malt whisky;;Scotland
Lochlea;Ayrshire;Lowland;2018;Independent;?;?;?;?;?;?;X;X;?;?;?;Operational;Malt whisky;;Scotland
Loch Lomond;Alexandria;Highland;1964;Loch Lomond Group;4;?;X;X;4;?;3;?;3 000 000;Borehole;?;Operational;Malt whisky;3 Column stills;Scotland
Lone Wolf;Ellon;Highland;2016;BrewDog;?;?;?;?;?;?;X;X;?;?;?;Operational;Malt whisky;;Scotland
Longmorn;Elgin;Speyside;1893;Chivas Brothers;4;?;X;X;4;?;X;X;3 500 000;Local Springs;?;Operational;Malt whisky;;Scotland
Macallan;Craigellachie;Speyside;1824;Edrington;12;13 000;X;X;24;3 900;X;X;15 000 000;River Spey;Sherry (both American & European oak) and Bourbon (American oak);Operational;Malt whisky;;Scotland
Macduff;Banff;Highland;1960;John Dewar & Sons;2;?;X;X;3;?;X;X;2 400 000;Local;?;Operational;Malt whisky;;Scotland
Mannochmore;Elgin;Speyside;1971;Diageo;3;14 400;X;X;3;17 000;X;X;3 200 000;Bardon Burn;?;Operational;Malt whisky;;Scotland
Miltonduff;Elgin;Speyside;1824;Chivas Brothers;3;18 000;X;X;3;18 000;X;X;5 800 000;Local spring;?;Operational;Malt whisky;;Scotland
Mortlach;Dufftown;Speyside;1823;Diageo;3;?;X;X;3;?;X;X;3 700 000;Dykehead Catsvraig;?;Operational;Malt whisky;;Scotland
Nc’nean;Lochlaline;Highland;2017;Drimnin Distillery Company;1;?;X;X;1;?;X;X;?;?;?;Operational;Malt whisky;;Scotland
North Uist;Benbecula;Island;2024;North Uist Distillery Company;?;?;?;?;?;?;X;X;?;?;?;Operational;Malt whisky;;Scotland
Oban;Oban;Highland;1794;Diageo;1;?;X;X;1;?;X;X;670 000;Two lochs in Ardconnel;?;Operational;Malt whisky;;Scotland
Port Ellen;Port Ellen;Islay;1825;Diageo;2;?;X;X;2;?;X;X;2 700 000;Leorin Lochs;?;Operational;Malt whisky;;Scotland
Port of Leith;Edinburgh;Lowland;2023;Muckle Brig;1;?;X;X;1;?;X;X;400 000;?;?;Operational;Malt whisky;;Scotland
Pulteney;Wick;Highland;1826;Inver House Distillers;1;16 100;X;X;1;13 200;X;X;1 000 000;Loch Hempriggs;?;Operational;Malt whisky;;Scotland
Raasay;Isle of Raasay;Island;2014;R&B Distillers;1;?;X;X;1;?;X;X;940 000;Tobar na ba baine spring and borehole;?;Operational;Malt whisky;;Scotland
Rosebank;Falkirk;Lowland;1798;Ian Macleod Distillers;2;?;X;X;1;?;X;X;?;Carron Valley Reservoir;?;Operational;Malt whisky;Rosebank;Scotland
Roseisle;Roseisle;Speyside;2010;Diageo;7;?;X;X;7;?;X;X;10 000 000;Borehole;?;Operational;Malt whisky;;Scotland
Royal Brackla;Nairn;Highland;1812;John Dewar & Sons;2;?;X;X;2;?;X;X;3 500 000;Cawdor Burn, Cursack Springs and Airfield supply;?;Operational;Malt whisky;;Scotland
Royal Lochnagar;Ballater;Highland;1845;Diageo;1;6 700;X;X;1;3 720;X;X;450 000;Springs in the hills of Lochnagar;?;Operational;Malt whisky;;Scotland
Saxa Vord;Unst;Island;2015;Shetland Distillery Company;?;?;?;?;?;?;X;X;?;?;?;Operational;Malt whisky;;Scotland
Scapa;Kirkwall;Island;1885;Chivas Brothers;1;?;X;X;1;?;X;X;1 000 000;Lingro Burn;?;Operational;Malt whisky;Scapa Glansa, Skiren;Scotland
Speyburn;Rothes;Speyside;1897;Inver House Distillers;1;?;X;X;1;?;X;X;1 000 000;Granty Burn;?;Operational;Malt whisky;;Scotland
Speyside;Drumguish;Speyside;1990;Harvey's of Edinburgh Ltd.;1;?;X;X;1;?;X;X;600 000;River Tromie;?;Operational;Malt whisky;;Scotland
Springbank;Campbeltown;Campbeltown;1828;J&A Mitchell & Company;1;10 000;X;X;2;6 000;X;X;750 000;Crosshill Loch;Bourbon, Sherry, Wine, Rum, Calvados;Operational;Malt whisky;Springbank, Longrow, Hazelburn;Scotland
Strathearn;Methven;Highland;2013;Douglas Laing & Co.;1;?;X;X;1;?;X;X;?;?;?;Operational;Malt whisky;;Scotland
Strathisla;Keith;Speyside;1786;Chivas Brothers;2;?;X;X;2;?;X;X;2 400 000;?;?;Operational;Malt whisky;;Scotland
Strathmill;Keith;Speyside;1891;Diageo;2;?;X;X;2;?;X;X;1 800 000;Local springs;?;Operational;Malt whisky;;Scotland
Talisker;Carbost, Isle of Skye;Island;1830;Diageo;2;10 000;X;X;3;7 479;X;X;2 600 000;Carbost / Cnoc nan Speireag (Hawk Hill);?;Operational;Malt whisky;Talisker;Scotland
Tamdhu;Knockando;Speyside;1897;Ian Macleod Distillers;3;?;X;X;3;?;X;X;4 500 000;?;?;Operational;Malt whisky;;Scotland
Tamnavulin;Tomnavoulin;Speyside;1966;Whyte & Mackay;3;?;X;X;3;?;X;X;4 000 000;Springs in Easterton;?;Operational;Malt whisky;;Scotland
Teaninich;Alness;Highland;1817;Diageo;6;?;X;X;6;?;X;X;2 300 000;Dairywell spring;?;Operational;Malt whisky;;Scotland
Tobermory;Tobermory, Isle of Mull;Island;1798;Distell;2;?;X;X;2;?;X;X;1 000 000;?;?;Operational;Malt whisky;Tobermory 12, Tobermory 21, Ledaig 10, Ledaig 18;Scotland
Tomatin;Tomatin;Highland;1897;Takara Shuzo Co;6;?;X;X;6;?;X;X;5 050 000;Allt na Fr?the;?;Operational;Malt whisky;Tomatin, C? B?can, Antiquary, Talisman;Scotland
Tomintoul;Ballindalloch;Speyside;1964;Angus Dundee Distiller;2;?;X;X;2;?;X;X;2 200 000;Ballantruan spring;?;Operational;Malt whisky;Tomintoul, Tomintoul Peaty Tang;Scotland
Torabhaig;Teangue, Isle of Skye;Island;2017;Mossburn Distillers;1;?;X;X;1;?;X;X;500 000;Allt Gleann Thorabhaig and the Allt Breacach;?;Operational;Malt whisky;;Scotland
Tormore;Grantown-on-Spey;Speyside;1958;Elixir Distillers;4;?;X;X;4;?;X;X;3 700 00;?;?;Operational;Malt whisky;;Scotland
Tullibardine;Blackford;Highland;1949;Picard Vins & Spiritueux;2;?;X;X;2;?;X;X;2 700 000;Ochil Hills, Danny Burn;?;Operational;Malt whisky;;Scotland
Uile-bheist;Inverness;Highland;2023;Victoria and John Erasmus;?;?;?;?;?;?;X;X;?;?;?;Operational;Malt whisky;;Scotland
Wolfburn;Thurso;Highland;1822;Aurora Brewing;1;?;X;X;1;?;X;X;125 000;Wolf Burn;American Oak Bourbon, Oak Quarter Cask, Bourbon Hogsheads, Oloroso sherry;Operational;Malt whisky;;Scotland
8 Doors;John O’Groats;Highland;2022;Kerry and Derek Campbell;?;?;?;?;?;?;X;X;?;?;?;Operational;Malt whisky;;Scotland
Cameronbridge;Fife;?;1824;Diageo;X;X;X;X;X;X;3;?;136 000 000;River Leven;?;Operational;Grain whisky;;Scotland
Girvan;Girvan;?;1963;William Grant & Sons;X;X;X;X;X;X;5;?;115 000 000;River Girvan;?;Operational;Grain whisky;;Scotland
Invergordon;Easter Ross;?;1959;Whyte & Mackay;X;X;X;X;X;X;3 Coffey;?;36 000 000; Loch Glass;?;Operational;Grain whisky;3 coffey stills;Scotland
Loch Lomond;Alexandria;?;1964;Loch Lomond Group;4;?;X;X;4;?;3;?;20 000 000;Borehole;?;Operational;Grain whisky;;Scotland
North British;Edinburgh;?;1885;Diageo/Edrington;X;X;X;X;X;X;?;?;?;;?;Operational;Grain whisky;;Scotland
Starlaw;Livingston;?;2010;La Martiniquaise;X;X;X;X;X;X;5;?;25 000 000;?;?;Operational;Grain whisky;;Scotland
Strathclyde;Glasgow;?;1927;Chivas Brothers;X;X;X;X;X;X;2;?;40 000 000;;?;Operational;Grain whisky;;Scotland
Adelphi;Glasgow;Lowland;?;X;X;X;X;X;X;X;X;X;X;X;?;Closed;Malt whisky;1907, demolished 1970;Scotland
Albyn;Millknowe;Campbeltown;?;X;X;X;X;X;X;X;X;X;X;X;?;Closed;Malt whisky;1920, demolished 1929;Scotland
Ardgowan;Greenock;Lowland;?;X;X;X;X;X;X;X;X;X;X;X;?;Closed;Malt whisky;1952, plans for the distillery to reopen in 2025;Scotland
Ardlussa;Campbeltown;Campbeltown;?;X;X;X;X;X;X;X;X;X;X;X;?;Closed;Malt whisky;1927, demolished;Scotland
Argyll;Campbeltown;Campbeltown;?;X;X;X;X;X;X;X;X;X;X;X;?;Closed;Malt whisky;1923, demolished;Scotland
Auchinblae;Auchenblae;Highland;?;X;X;X;X;X;X;X;X;X;X;X;?;Closed;Malt whisky;1929, demolished;Scotland
Auchnagie;Tulliemet;Highland;?;X;X;X;X;X;X;X;X;X;X;X;?;Closed;Malt whisky;1911, demolished;Scotland
Auchtermuchty;Auchtermuchty;Lowland;?;X;X;X;X;X;X;X;X;X;X;X;?;Closed;Malt whisky;1926, buildings have remained intact;Scotland
Auchtertool;Auchtertool;Lowland;?;X;X;X;X;X;X;X;X;X;X;X;?;Closed;Malt whisky;1927, demolished;Scotland
Ballechin;Pitlochry;Highland;?;X;X;X;X;X;X;X;X;X;X;X;?;Closed;Malt whisky;1927, demolished;Scotland
Banff;Banff;Speyside;?;X;X;X;X;X;X;X;X;X;X;X;?;Closed;Malt whisky;1983, demolished 1991;Scotland
Bankier;Denny;Lowland;?;X;X;X;X;X;X;X;X;X;X;X;?;Closed;Malt whisky;1928, demolished 1981;Scotland
Benachie;Insch;Highland;?;X;X;X;X;X;X;X;X;X;X;X;?;Closed;Malt whisky;1915, demolished;Scotland
Benmore;Campbeltown;Campbeltown;?;X;X;X;X;X;X;X;X;X;X;X;?;Closed;Malt whisky;1927, buildings have remained intact;Scotland
Ben Morven;Halkirk;Highland;?;X;X;X;X;X;X;X;X;X;X;X;?;Closed;Malt whisky;1914, demolished;Scotland
Ben Wyvis;Dingwall;Highland;?;X;X;X;X;X;X;X;X;X;X;X;?;Closed;Malt whisky;1977, demolished 1977;Scotland
Bon Accord;Aberdeen;Highland;?;X;X;X;X;X;X;X;X;X;X;X;?;Closed;Malt whisky;1913, demolished;Scotland
Burnside;Campbeltown;Campbeltown;?;X;X;X;X;X;X;X;X;X;X;X;?;Closed;Malt whisky;1919, demolished;Scotland
Caledonian;Campbeltown;Campbeltown;?;X;X;X;X;X;X;X;X;X;X;X;?;Closed;Malt whisky;1842, demolished;Scotland
Campbeltown;Campbeltown;Campbeltown;?;X;X;X;X;X;X;X;X;X;X;X;?;Closed;Malt whisky;1924, demolished;Scotland
Caperdonich;Rothes;Speyside;?;X;X;X;X;X;X;X;X;X;X;X;?;Closed;Malt whisky;2002, demolished 2010;Scotland
Clydesdale;Wishaw;Lowland;?;X;X;X;X;X;X;X;X;X;X;X;?;Closed;Malt whisky;1919, demolished 1988;Scotland
Coleburn;Elgin;Speyside;?;X;X;X;X;X;X;X;X;X;X;X;?;Closed;Malt whisky;1985, plans for the distillery to reopen in 2025;Scotland
Convalmore;Dufftown;Speyside;?;X;X;X;X;X;X;X;X;X;X;X;?;Closed;Malt whisky;1985, converted into a whisky warehouse facility;Scotland
Dalaruan;Campbeltown;Campbeltown;?;X;X;X;X;X;X;X;X;X;X;X;?;Closed;Malt whisky;1922, demolished;Scotland
Dalintober;Campbeltown;Campbeltown;?;X;X;X;X;X;X;X;X;X;X;X;?;Closed;Malt whisky;1925, demolished;Scotland
Dallas Dhu;Forres;Speyside;?;X;X;X;X;X;X;X;X;X;X;X;?;Closed;Malt whisky;1983, plans for the distillery to reopen in 2025;Scotland
Dean;Edinburgh;Lowland;?;X;X;X;X;X;X;X;X;X;X;X;?;Closed;Malt whisky;1922, demolished;Scotland
Devanha;Aberdeen;Highland;?;X;X;X;X;X;X;X;X;X;X;X;?;Closed;Malt whisky;1915, demolished;Scotland
Drumcaldie;Fife;Lowland;?;X;X;X;X;X;X;X;X;X;X;X;?;Closed;Malt whisky;1903, demolished 1988;Scotland
Drumore;Campbeltown;Campbeltown;?;X;X;X;X;X;X;X;X;X;X;X;?;Closed;Malt whisky;1847, demolished;Scotland
Edinburgh;Edinburgh;Lowland;?;X;X;X;X;X;X;X;X;X;X;X;?;Closed;Malt whisky;1925, demolished;Scotland
Finnieston;Glasgow;Lowland;?;X;X;X;X;X;X;X;X;X;X;X;?;Closed;Malt whisky;1827, demolished;Scotland
Glen Albyn;Inverness;Highland;?;X;X;X;X;X;X;X;X;X;X;X;?;Closed;Malt whisky;1983, demolished 1988;Scotland
Glenaden;Old Deer;Highland;?;X;X;X;X;X;X;X;X;X;X;X;?;Closed;Malt whisky;1915, demolished;Scotland
Glencawdor;Nairn;Highland;?;X;X;X;X;X;X;X;X;X;X;X;?;Closed;Malt whisky;1927, demolished 1930;Scotland
Glencoull;Angus;Highland;?;X;X;X;X;X;X;X;X;X;X;X;?;Closed;Malt whisky;1927, demolished 1934;Scotland
Glenesk;Montrose;Highland;?;X;X;X;X;X;X;X;X;X;X;X;?;Closed;Malt whisky;1985, demolished 1996;Scotland
Glen Flagler;Airdrie;Lowland;?;X;X;X;X;X;X;X;X;X;X;X;?;Closed;Malt whisky;1985, converted into a whisky warehouse facility;Scotland
Glenfoyle;Gargunnock;Highland;?;X;X;X;X;X;X;X;X;X;X;X;?;Closed;Malt whisky;1923, demolished;Scotland
Glengilp;Ardrishaig;Highland;?;X;X;X;X;X;X;X;X;X;X;X;?;Closed;Malt whisky;1937, demolished 1996;Scotland
Gleniffer;Elderslie;Lowland;?;X;X;X;X;X;X;X;X;X;X;X;?;Closed;Malt whisky;1894, demolished;Scotland
Glenlochy;Fort William;Highland;?;X;X;X;X;X;X;X;X;X;X;X;?;Closed;Malt whisky;1983, demolished 1991;Scotland
Glenmavis;Bathgate;Lowland;?;X;X;X;X;X;X;X;X;X;X;X;?;Closed;Malt whisky;1910, demolished;Scotland
Glen Mhor;Inverness;Highland;?;X;X;X;X;X;X;X;X;X;X;X;?;Closed;Malt whisky;1983, demolished 1986;Scotland
Glen Nevis;Campbeltown;Campbeltown;?;X;X;X;X;X;X;X;X;X;X;X;?;Closed;Malt whisky;1923, demolished;Scotland
Glenramskill;Campbeltown;Campbeltown;?;X;X;X;X;X;X;X;X;X;X;X;?;Closed;Malt whisky;1854, demolished;Scotland
Glenside;Campbeltown;Campbeltown;?;X;X;X;X;X;X;X;X;X;X;X;?;Closed;Malt whisky;1926, demolished;Scotland
Glenskiach;Evanton;Highland;?;X;X;X;X;X;X;X;X;X;X;X;?;Closed;Malt whisky;1926, demolished 1933;Scotland
Glentarras;Langholm;Lowland;?;X;X;X;X;X;X;X;X;X;X;X;?;Closed;Malt whisky;1914, demolished;Scotland
Glenugie;Peterhead;Highland;?;X;X;X;X;X;X;X;X;X;X;X;?;Closed;Malt whisky;1983, demolished 1985;Scotland
Glenury;Stonehaven;Highland;?;X;X;X;X;X;X;X;X;X;X;X;?;Closed;Malt whisky;1985, demolished 1993;Scotland
Grandtully;Grandtully;Highland;?;X;X;X;X;X;X;X;X;X;X;X;?;Closed;Malt whisky;1910, demolished;Scotland
Grange;Burntisland;Lowland;?;X;X;X;X;X;X;X;X;X;X;X;?;Closed;Malt whisky;1925, demolished 1990;Scotland
Greenock;Greenock;Lowland;?;X;X;X;X;X;X;X;X;X;X;X;?;Closed;Malt whisky;1915, demolished;Scotland
Highland;Campbeltown;Campbeltown;?;X;X;X;X;X;X;X;X;X;X;X;?;Closed;Malt whisky;1852, demolished;Scotland
Hazelburn;Campbeltown;Campbeltown;?;X;X;X;X;X;X;X;X;X;X;X;?;Closed;Malt whisky;1925, demolished 1926;Scotland
Imperial;Carron;Speyside;?;X;X;X;X;X;X;X;X;X;X;X;?;Closed;Malt whisky;1998, demolished 2013;Scotland
Inverleven;Dumbarton;Lowland;?;X;X;X;X;X;X;X;X;X;X;X;?;Closed;Malt whisky;1991, demolished 2017;Scotland
Isla;Perth;Highland;?;X;X;X;X;X;X;X;X;X;X;X;?;Closed;Malt whisky;1926, demolished;Scotland
Kinclaith;Glasgow;Lowland;?;X;X;X;X;X;X;X;X;X;X;X;?;Closed;Malt whisky;1976, demolished 1976;Scotland
Kinloch;Campbeltown;Campbeltown;?;X;X;X;X;X;X;X;X;X;X;X;?;Closed;Malt whisky;1926, demolished 1928;Scotland
Kintyre;Campbeltown;Campbeltown;?;X;X;X;X;X;X;X;X;X;X;X;?;Closed;Malt whisky;1920, demolished;Scotland
Ladyburn;Girvan;Lowland;?;X;X;X;X;X;X;X;X;X;X;X;?;Closed;Malt whisky;1975, demolished 1976;Scotland
Langholm;Langholm;Lowland;?;X;X;X;X;X;X;X;X;X;X;X;?;Closed;Malt whisky;1917, demolished 1926;Scotland
Littlemill;Bowling;Lowland;?;X;X;X;X;X;X;X;X;X;X;X;?;Closed;Malt whisky;1992, demolished 2004;Scotland
Loch Katrine;Glasgow;Lowland;?;X;X;X;X;X;X;X;X;X;X;X;?;Closed;Malt whisky;1920, demolished;Scotland
Lochside;Montrose;Highland;?;X;X;X;X;X;X;X;X;X;X;X;?;Closed;Malt whisky;1992, demolished 2004;Scotland
Lochhead;Campbeltown;Campbeltown;?;X;X;X;X;X;X;X;X;X;X;X;?;Closed;Malt whisky;1928, demolished;Scotland
Lochruan;Campbeltown;Campbeltown;?;X;X;X;X;X;X;X;X;X;X;X;?;Closed;Malt whisky;1925, demolished;Scotland
Longrow;Campbeltown;Campbeltown;?;X;X;X;X;X;X;X;X;X;X;X;?;Closed;Malt whisky;1896, demolished;Scotland
Meadowburn;Campbeltown;Campbeltown;?;X;X;X;X;X;X;X;X;X;X;X;?;Closed;Malt whisky;1882, demolished;Scotland
Millburn;Inverness;Highland;?;X;X;X;X;X;X;X;X;X;X;X;?;Closed;Malt whisky;1985, demolished 1988;Scotland
Mossfield;Campbeltown;Campbeltown;?;X;X;X;X;X;X;X;X;X;X;X;?;Closed;Malt whisky;1837, demolished;Scotland
North Port;Brechin;Highland;?;X;X;X;X;X;X;X;X;X;X;X;?;Closed;Malt whisky;1983, demolished 1994;Scotland
Parkmore;Dufftown;Speyside;?;X;X;X;X;X;X;X;X;X;X;X;?;Closed;Malt whisky;1988, converted into a whisky warehouse facility;Scotland
Pittyvaich;Dufftown;Speyside;?;X;X;X;X;X;X;X;X;X;X;X;?;Closed;Malt whisky;1993, demolished 2002;Scotland
Port Charlotte;Port Charlotte;Islay;?;X;X;X;X;X;X;X;X;X;X;X;?;Closed;Malt whisky;1929, converted into a whisky warehouse facility;Scotland
Provanmill;Glasgow;Lowland;?;X;X;X;X;X;X;X;X;X;X;X;?;Closed;Malt whisky;1922, demolished 1953;Scotland
Saucel;Paisley;Lowland;?;X;X;X;X;X;X;X;X;X;X;X;?;Closed;Malt whisky;1915, demolished;Scotland
Springside;Campbeltown;Campbeltown;?;X;X;X;X;X;X;X;X;X;X;X;?;Closed;Malt whisky;1926, demolished;Scotland
St. Magdalene;Linlithgow;Lowland;?;X;X;X;X;X;X;X;X;X;X;X;?;Closed;Malt whisky;1983, buildings were converted into apartments;Scotland
Strathdee;Aberdeen;Highland;?;X;X;X;X;X;X;X;X;X;X;X;?;Closed;Malt whisky;1942, demolished;Scotland
Stromness;Orkney;Highland;?;X;X;X;X;X;X;X;X;X;X;X;?;Closed;Malt whisky;1928, demolished 1940;Scotland
Stronarchie;Forgandenny;Highland;?;X;X;X;X;X;X;X;X;X;X;X;?;Closed;Malt whisky;1928, demolished 1950;Scotland
Tambovie;Milngavie;Lowland;?;X;X;X;X;X;X;X;X;X;X;X;?;Closed;Malt whisky;1914, demolished 1921;Scotland
Thistle;Campbeltown;Campbeltown;?;X;X;X;X;X;X;X;X;X;X;X;?;Closed;Malt whisky;1837, demolished;Scotland
Toberanrigh;Campbeltown;Campbeltown;?;X;X;X;X;X;X;X;X;X;X;X;?;Closed;Malt whisky;1860, demolished;Scotland
Towiemore;Botriphnie;Highland;?;X;X;X;X;X;X;X;X;X;X;X;?;Closed;Malt whisky;1930, demolished;Scotland
Union;Campbeltown;Campbeltown;?;X;X;X;X;X;X;X;X;X;X;X;?;Closed;Malt whisky;1850, demolished;Scotland
West Highland;Campbeltown;Campbeltown;?;X;X;X;X;X;X;X;X;X;X;X;?;Closed;Malt whisky;1852, demolished;Scotland
Caledonian;Haymarket;?;?;X;X;X;X;X;X;X;X;X;X;X;?;Closed;Grain whisky;1988, demolished;Scotland
Cambus;Tullibody;?;?;X;X;X;X;X;X;X;X;X;X;X;?;Closed;Grain whisky;1993, converted into a whisky warehouse facility and cask filling operation;Scotland
Carsebridge;Alloa;?;?;X;X;X;X;X;X;X;X;X;X;X;?;Closed;Grain whisky;1983, demolished 1990;Scotland
Dumbarton;West Dunbartonshire;?;?;X;X;X;X;X;X;X;X;X;X;X;?;Closed;Grain whisky;2002, demolished 2017;Scotland
Dundashill;Glasgow;?;?;X;X;X;X;X;X;X;X;X;X;X;?;Closed;Grain whisky;1902, merged with Port Dundas distillery;Scotland
Garnheath;Airdrie;?;?;X;X;X;X;X;X;X;X;X;X;X;?;Closed;Grain whisky;1986, demolished 1986;Scotland
Gartloch;Chryston;?;?;X;X;X;X;X;X;X;X;X;X;X;?;Closed;Grain whisky;1920, demolished;Scotland
Kirkliston;Kirkliston;?;?;X;X;X;X;X;X;X;X;X;X;X;?;Closed;Grain whisky;1920, buildings have remained intact;Scotland
North of Scotland;Cambus;?;?;X;X;X;X;X;X;X;X;X;X;X;?;Closed;Grain whisky;1980, demolished 1993;Scotland
Port Dundas;Glasgow;?;?;X;X;X;X;X;X;X;X;X;X;X;?;Closed;Grain whisky;2010, demolished 2011;Scotland
Pearse Lyons Distillery;?;?;?;?;?;?;?;?;?;?;X;X;?;?;?;Operational;;;Ireland
Teeling Distillery;?;?;?;?;?;?;?;?;?;?;X;X;?;?;?;Operational;;;Ireland
Slane Distillery;?;?;?;?;?;?;?;?;?;?;X;X;?;?;?;Operational;;;Ireland
New Midleton Distillery;?;?;?;Pernod Ricard (Irish Distillers);?;?;?;?;?;?;X;X;?;?;?;Operational;;;Ireland
Tullamore Distillery;?;?;?;Pernod Ricard (Irish Distillers);?;?;?;?;?;?;X;X;?;?;?;Operational;;;Ireland
Dublin Liberties Distillery, The;?;?;?;?;?;?;?;?;?;?;X;X;?;?;?;Operational;;;Ireland
Roe & Co Distillery;?;?;?;Diageo;?;?;?;?;?;?;X;X;?;?;?;Operational;;;Ireland
Cooley Distillery;Louth;Ireland;?;Beam Suntory;?;?;?;?;?;?;X;X;?;?;?;Operational;;;Ireland
Glendalough Distillery;?;?;?;?;?;?;?;?;?;?;X;X;?;?;?;Operational;;;Ireland
Shed Distillery, The;?;?;?;?;?;?;?;?;?;?;X;X;?;?;?;Operational;;;Ireland
Kilbeggan Distillery;Westmeath;Ireland;?;Beam Suntory;?;?;?;?;?;?;X;X;?;?;?;Operational;;;Ireland
Old Bushmills Distillery;Antrim;Ireland;?;Casa Cuervo;?;?;?;?;?;?;X;X;?;?;?;Operational;;;Ireland
Lough Gill Distillery;?;?;?;?;?;?;?;?;?;?;X;X;?;?;?;Operational;;;Ireland
Dingle Whiskey Distillery;?;?;?;?;?;?;?;?;?;?;X;X;?;?;?;Operational;;;Ireland
Blackwater Distillery;?;?;?;?;?;?;?;?;?;?;X;X;?;?;?;Operational;;;Ireland
Lough Ree Distillery;?;?;?;?;?;?;?;?;?;?;X;X;?;?;?;Operational;;;Ireland
Powerscourt Distillery;?;?;?;Powerscourt Estate;?;?;?;?;?;?;X;X;?;?;?;Operational;;;Ireland
Killowen Distillery;?;?;?;?;?;?;?;?;?;?;X;X;?;?;?;Operational;;;Ireland
Clonakilty Distillery;?;?;?;?;?;?;?;?;?;?;X;X;?;?;?;Operational;;;Ireland
Blacks of Kinsale;?;?;?;?;?;?;?;?;?;?;X;X;?;?;?;Operational;;;Ireland
Hinch Distillery;Down;Ireland;?;?;?;?;?;?;?;?;X;X;?;?;?;Operational;;;Ireland
Waterford Distillery;?;?;?;?;?;?;?;?;?;?;X;X;?;?;?;Operational;;;Ireland
Tipperary Boutique Distillery;?;?;?;?;?;?;?;?;?;?;X;X;?;?;?;Operational;;;Ireland
Gortinore Distillery;?;?;?;?;?;?;?;?;?;?;X;X;?;?;?;Operational;;;Ireland
Echlinville Distillery;?;?;?;?;?;?;?;?;?;?;X;X;?;?;?;Operational;;;Ireland
West Cork Distillers;?;?;?;?;?;?;?;?;?;?;X;X;?;?;?;Operational;;;Ireland
Ballykeefe Distillery;?;?;?;?;?;?;?;?;?;?;X;X;?;?;?;Operational;;;Ireland
Connacht Whiskey Distillery, The;Mayo;Ireland;?;?;?;?;?;?;?;?;X;X;?;?;?;Operational;;;Ireland
Achill Island Distillery;?;?;?;?;?;?;?;?;?;?;X;X;?;?;?;Operational;;;Ireland
Great Northern Distillery;?;?;?;?;?;?;?;?;?;?;X;X;?;?;?;Operational;;;Ireland
Royal Oak Distillery;?;?;?;?;?;?;?;?;?;?;X;X;?;?;?;Operational;;;Ireland
Old Carrick Mill, Ltd.;?;?;?;?;?;?;?;?;?;?;X;X;?;?;?;Operational;;;Ireland
Matt D'Arcy & Co., Ltd.;?;?;?;?;?;?;?;?;?;?;X;X;?;?;?;Operational;;;Ireland
Killarney Brewing & Distilling Co.;?;?;?;?;?;?;?;?;?;?;X;X;?;?;?;Operational;;;Ireland
The Quiet Man Craft Distillery;?;?;?;?;?;?;?;?;?;?;X;X;?;?;?;Operational;;;Ireland
McAllister Distillers, Ltd.;?;?;?;?;?;?;?;?;?;?;X;X;?;?;?;Operational;;;Ireland
